file	hash
populations.tsv	80b4cfcc80d62994778687d5aa5287b7
geneflow.tsv	791069696721716f7b0847f8dccebc04
ranges.rds	e42b5057e9e450480f52e2028a9168e1
generation_time.txt	02e74f10e0327ad868d138f2b4fdd6f0
length.txt	5cc9ab68594aa0ea6bf2f0ecc3977c44
orig_length.txt	8155bc545f84d9652f1012ef2bdfb6eb
direction.txt	195fe59b6f103787a914aead0f3db502
description.txt	d41d8cd98f00b204e9800998ecf8427e
time_units.txt	d41d8cd98f00b204e9800998ecf8427e
script.slim	f64eac6e19e48419932b37a23d390369
script.py	6d5046dd2b41fc9eda4ee7281200a099
